clip_path,label,game_pk,source_video,inning,half,event_type,description,event_seconds,event_time_source,clip_start_seconds,clip_end_seconds,clip_duration_seconds,is_official_highlight,official_highlight_title,official_highlight_url
sport_hightlight/dataset/full_game/hard_negative/event_0001_1top_Groundout.mp4,hard_negative,823734,video/eltaMax10_Reds_Brewers_0913.mp4,1,top,Groundout,"Dane Myers grounds out, second baseman Brice Turang to first baseman Jake Bauers.",235.600,predicted_video_seconds,227.600,247.600,20.000,False,,
sport_hightlight/dataset/full_game/hard_negative/event_0002_1top_Lineout.mp4,hard_negative,823734,video/eltaMax10_Reds_Brewers_0913.mp4,1,top,Lineout,Elly De La Cruz lines out sharply to left fielder Jackson Chourio.,364.800,predicted_video_seconds,356.800,376.800,20.000,False,,
sport_hightlight/dataset/full_game/positive/event_0003_1top_Strikeout.mp4,positive,823734,video/eltaMax10_Reds_Brewers_0913.mp4,1,top,Strikeout,Sal Stewart strikes out swinging.,458.000,predicted_video_seconds,450.000,470.000,20.000,True,Robert Gasser fans Sal Stewart,https://mlb-cuts-diamond.mlb.com/FORGE/2026/2026-10/01/134972b3-657e2183-5cd3eedc-csvm-diamondgcp-asset-4000K.mp4
sport_hightlight/dataset/full_game/positive/event_0004_1bottom_Strikeout.mp4,positive,823734,video/eltaMax10_Reds_Brewers_0913.mp4,1,bottom,Strikeout,Garrett Mitchell strikes out swinging.,683.500,predicted_video_seconds,675.500,695.500,20.000,True,Chase Burns strikes out Garrett Mitchell,https://mlb-cuts-diamond.mlb.com/FORGE/2026/2026-10/01/98697cd0-c59563da-c43424d4-csvm-diamondgcp-asset-4000K.mp4
sport_hightlight/dataset/full_game/hard_negative/event_0005_1bottom_Strikeout.mp4,hard_negative,823734,video/eltaMax10_Reds_Brewers_0913.mp4,1,bottom,Strikeout,Jackson Chourio strikes out swinging.,759.400,predicted_video_seconds,751.400,771.400,20.000,False,,
sport_hightlight/dataset/full_game/hard_negative/event_0006_1bottom_Walk.mp4,hard_negative,823734,video/eltaMax10_Reds_Brewers_0913.mp4,1,bottom,Walk,Brice Turang walks.,849.500,predicted_video_seconds,841.500,861.500,20.000,False,,
sport_hightlight/dataset/full_game/positive/event_0007_1bottom_Groundout.mp4,positive,823734,video/eltaMax10_Reds_Brewers_0913.mp4,1,bottom,Groundout,"Gary Sánchez grounds out, shortstop Elly De La Cruz to first baseman Sal Stewart.",880.100,predicted_video_seconds,872.100,892.100,20.000,True,Elly De La Cruz's sharp grab,https://mlb-cuts-diamond.mlb.com/FORGE/2026/2026-09/13/bd582416-3a23c808-42979ddc-csvm-diamondgcp-asset_1280x720_59_4000K.mp4
sport_hightlight/dataset/full_game/positive/event_0008_2top_Groundout.mp4,positive,823734,video/eltaMax10_Reds_Brewers_0913.mp4,2,top,Groundout,"Eugenio Suárez grounds out, shortstop Cooper Pratt to first baseman Jake Bauers.",1192.100,predicted_video_seconds,1184.100,1204.100,20.000,True,Cooper Pratt's brilliant recovery for the out,https://mlb-cuts-diamond.mlb.com/FORGE/2026/2026-09/13/e25147b1-f1a12434-55797ef3-csvm-diamondgcp-asset_1280x720_59_4000K.mp4
sport_hightlight/dataset/full_game/hard_negative/event_0009_2top_Walk.mp4,hard_negative,823734,video/eltaMax10_Reds_Brewers_0913.mp4,2,top,Walk,Tyler Stephenson walks.,1323.000,predicted_video_seconds,1315.000,1335.000,20.000,False,,
sport_hightlight/dataset/full_game/hard_negative/event_0010_2top_Single.mp4,hard_negative,823734,video/eltaMax10_Reds_Brewers_0913.mp4,2,top,Single,JJ Bleday singles on a line drive to right fielder Luis Lara. Tyler Stephenson to 2nd.,1354.700,predicted_video_seconds,1346.700,1366.700,20.000,False,,
sport_hightlight/dataset/full_game/hard_negative/event_0011_2top_Flyout.mp4,hard_negative,823734,video/eltaMax10_Reds_Brewers_0913.mp4,2,top,Flyout,Juan Brito flies out to right fielder Luis Lara.,1417.100,predicted_video_seconds,1409.100,1429.100,20.000,False,,
sport_hightlight/dataset/full_game/hard_negative/event_0012_2top_Flyout.mp4,hard_negative,823734,video/eltaMax10_Reds_Brewers_0913.mp4,2,top,Flyout,Jose Trevino flies out to center fielder Garrett Mitchell.,1570.400,predicted_video_seconds,1562.400,1582.400,20.000,False,,
sport_hightlight/dataset/full_game/hard_negative/event_0013_2bottom_Strikeout.mp4,hard_negative,823734,video/eltaMax10_Reds_Brewers_0913.mp4,2,bottom,Strikeout,Jake Bauers strikes out swinging.,1779.500,predicted_video_seconds,1771.500,1791.500,20.000,False,,
sport_hightlight/dataset/full_game/hard_negative/event_0014_2bottom_Walk.mp4,hard_negative,823734,video/eltaMax10_Reds_Brewers_0913.mp4,2,bottom,Walk,Christian Yelich walks.,1898.900,predicted_video_seconds,1890.900,1910.900,20.000,False,,
sport_hightlight/dataset/full_game/positive/event_0015_2bottom_Home_Run.mp4,positive,823734,video/eltaMax10_Reds_Brewers_0913.mp4,2,bottom,Home Run,Joey Ortiz homers (9) on a fly ball to center field. Christian Yelich scores.,2029.400,predicted_video_seconds,2021.400,2041.400,20.000,True,Joey Ortiz's two-run home run (9),https://mlb-cuts-diamond.mlb.com/FORGE/2026/2026-09/13/4af2a0a6-5b4634ec-3cade2a1-csvm-diamondgcp-asset_1280x720_59_4000K.mp4
sport_hightlight/dataset/full_game/hard_negative/event_0016_2bottom_Strikeout.mp4,hard_negative,823734,video/eltaMax10_Reds_Brewers_0913.mp4,2,bottom,Strikeout,Luis Lara strikes out swinging.,2138.900,predicted_video_seconds,2130.900,2150.900,20.000,False,,
sport_hightlight/dataset/full_game/hard_negative/event_0017_2bottom_Pop_Out.mp4,hard_negative,823734,video/eltaMax10_Reds_Brewers_0913.mp4,2,bottom,Pop Out,Cooper Pratt pops out to second baseman Juan Brito.,2183.300,predicted_video_seconds,2175.300,2195.300,20.000,False,,
sport_hightlight/dataset/full_game/hard_negative/event_0018_3top_Strikeout.mp4,hard_negative,823734,video/eltaMax10_Reds_Brewers_0913.mp4,3,top,Strikeout,Héctor Rodríguez strikes out swinging.,2385.000,predicted_video_seconds,2377.000,2397.000,20.000,False,,
sport_hightlight/dataset/full_game/hard_negative/event_0019_3top_Strikeout.mp4,hard_negative,823734,video/eltaMax10_Reds_Brewers_0913.mp4,3,top,Strikeout,Dane Myers strikes out swinging.,2477.800,predicted_video_seconds,2469.800,2489.800,20.000,False,,
sport_hightlight/dataset/full_game/hard_negative/event_0020_3top_Strikeout.mp4,hard_negative,823734,video/eltaMax10_Reds_Brewers_0913.mp4,3,top,Strikeout,Elly De La Cruz strikes out swinging.,2630.000,predicted_video_seconds,2622.000,2642.000,20.000,False,,
sport_hightlight/dataset/full_game/hard_negative/event_0021_3bottom_Walk.mp4,hard_negative,823734,video/eltaMax10_Reds_Brewers_0913.mp4,3,bottom,Walk,Garrett Mitchell walks.,2821.800,predicted_video_seconds,2813.800,2833.800,20.000,False,,
sport_hightlight/dataset/full_game/positive/event_0022_3bottom_Strikeout_Double_Play.mp4,positive,823734,video/eltaMax10_Reds_Brewers_0913.mp4,3,bottom,Strikeout Double Play,"Jackson Chourio strikes out swinging and Garrett Mitchell caught stealing 2nd, catcher Jose Trevino to second baseman Juan Brito to catcher Jose Trevino.",2947.000,predicted_video_seconds,2939.000,2959.000,20.000,True,"Reds turn a strike-'em-out, throw-'em-out double play",https://mlb-cuts-diamond.mlb.com/FORGE/2026/2026-10/01/77dbd02f-d14e1679-ae53c22a-csvm-diamondgcp-asset-4000K.mp4
sport_hightlight/dataset/full_game/hard_negative/event_0023_3bottom_Single.mp4,hard_negative,823734,video/eltaMax10_Reds_Brewers_0913.mp4,3,bottom,Single,Brice Turang singles on a ground ball to right fielder Héctor Rodríguez.,3015.300,predicted_video_seconds,3007.300,3027.300,20.000,False,,
sport_hightlight/dataset/full_game/hard_negative/event_0024_3bottom_Flyout.mp4,hard_negative,823734,video/eltaMax10_Reds_Brewers_0913.mp4,3,bottom,Flyout,Gary Sánchez flies out to right fielder Héctor Rodríguez.,3177.000,predicted_video_seconds,3169.000,3189.000,20.000,False,,
sport_hightlight/dataset/full_game/hard_negative/event_0025_4top_Groundout.mp4,hard_negative,823734,video/eltaMax10_Reds_Brewers_0913.mp4,4,top,Groundout,"Sal Stewart grounds out, third baseman Joey Ortiz to first baseman Jake Bauers.",3404.100,predicted_video_seconds,3396.100,3416.100,20.000,False,,
sport_hightlight/dataset/full_game/hard_negative/event_0026_4top_Flyout.mp4,hard_negative,823734,video/eltaMax10_Reds_Brewers_0913.mp4,4,top,Flyout,Eugenio Suárez flies out to left fielder Jackson Chourio.,3512.000,predicted_video_seconds,3504.000,3524.000,20.000,False,,
sport_hightlight/dataset/full_game/hard_negative/event_0027_4top_Double.mp4,hard_negative,823734,video/eltaMax10_Reds_Brewers_0913.mp4,4,top,Double,Tyler Stephenson hits a ground-rule double (21) on a line drive to center field.,3587.500,predicted_video_seconds,3579.500,3599.500,20.000,False,,
sport_hightlight/dataset/full_game/positive/event_0028_4top_Walk.mp4,positive,823734,video/eltaMax10_Reds_Brewers_0913.mp4,4,top,Walk,"JJ Bleday challenged (pitch result), call on the field was overturned: JJ Bleday walks.",3733.600,predicted_video_seconds,3725.600,3745.600,20.000,True,Strike 3 is overturned to ball 4 after ABS challenge,https://mlb-cuts-diamond.mlb.com/FORGE/2026/2026-10/01/13b9f997-1294c55d-f6c63125-csvm-diamondgcp-asset-4000K.mp4
sport_hightlight/dataset/full_game/hard_negative/event_0029_4top_Strikeout.mp4,hard_negative,823734,video/eltaMax10_Reds_Brewers_0913.mp4,4,top,Strikeout,Juan Brito strikes out swinging.,3883.400,predicted_video_seconds,3875.400,3895.400,20.000,False,,
sport_hightlight/dataset/full_game/hard_negative/event_0030_4bottom_Flyout.mp4,hard_negative,823734,video/eltaMax10_Reds_Brewers_0913.mp4,4,bottom,Flyout,Jake Bauers flies out to center fielder Dane Myers.,4021.500,predicted_video_seconds,4013.500,4033.500,20.000,False,,
sport_hightlight/dataset/full_game/hard_negative/event_0031_4bottom_Strikeout.mp4,hard_negative,823734,video/eltaMax10_Reds_Brewers_0913.mp4,4,bottom,Strikeout,Christian Yelich strikes out on a foul tip.,4112.400,predicted_video_seconds,4104.400,4124.400,20.000,False,,
sport_hightlight/dataset/full_game/hard_negative/event_0032_4bottom_Strikeout.mp4,hard_negative,823734,video/eltaMax10_Reds_Brewers_0913.mp4,4,bottom,Strikeout,Joey Ortiz strikes out swinging.,4237.200,predicted_video_seconds,4229.200,4249.200,20.000,False,,
sport_hightlight/dataset/full_game/hard_negative/event_0033_5top_Groundout.mp4,hard_negative,823734,video/eltaMax10_Reds_Brewers_0913.mp4,5,top,Groundout,"Jose Trevino grounds out, second baseman Brice Turang to first baseman Jake Bauers.",4431.500,predicted_video_seconds,4423.500,4443.500,20.000,False,,
sport_hightlight/dataset/full_game/hard_negative/event_0034_5top_Groundout.mp4,hard_negative,823734,video/eltaMax10_Reds_Brewers_0913.mp4,5,top,Groundout,"Héctor Rodríguez grounds out, third baseman Joey Ortiz to first baseman Jake Bauers.",4520.300,predicted_video_seconds,4512.300,4532.300,20.000,False,,
sport_hightlight/dataset/full_game/hard_negative/event_0035_5top_Groundout.mp4,hard_negative,823734,video/eltaMax10_Reds_Brewers_0913.mp4,5,top,Groundout,"Dane Myers grounds out, third baseman Joey Ortiz to first baseman Jake Bauers.",4620.400,predicted_video_seconds,4612.400,4632.400,20.000,False,,
sport_hightlight/dataset/full_game/positive/event_0036_5bottom_Groundout.mp4,positive,823734,video/eltaMax10_Reds_Brewers_0913.mp4,5,bottom,Groundout,"Luis Lara grounds out, shortstop Elly De La Cruz to first baseman Sal Stewart.",4797.500,predicted_video_seconds,4789.500,4809.500,20.000,True,Elly De La Cruz's gorgeous diving stop,https://mlb-cuts-diamond.mlb.com/FORGE/2026/2026-09/13/811556a6-e2240945-54b5d7b1-csvm-diamondgcp-asset_1280x720_59_4000K.mp4
sport_hightlight/dataset/full_game/hard_negative/event_0037_5bottom_Lineout.mp4,hard_negative,823734,video/eltaMax10_Reds_Brewers_0913.mp4,5,bottom,Lineout,Cooper Pratt lines out to right fielder Héctor Rodríguez.,4875.500,predicted_video_seconds,4867.500,4887.500,20.000,False,,
sport_hightlight/dataset/full_game/hard_negative/event_0038_5bottom_Lineout.mp4,hard_negative,823734,video/eltaMax10_Reds_Brewers_0913.mp4,5,bottom,Lineout,Sal Frelick lines out to right fielder Héctor Rodríguez.,4931.800,predicted_video_seconds,4923.800,4943.800,20.000,False,,
sport_hightlight/dataset/full_game/hard_negative/event_0039_6top_Single.mp4,hard_negative,823734,video/eltaMax10_Reds_Brewers_0913.mp4,6,top,Single,Elly De La Cruz singles on a ground ball to left fielder Jackson Chourio.,5126.000,predicted_video_seconds,5118.000,5138.000,20.000,False,,
sport_hightlight/dataset/full_game/hard_negative/event_0040_6top_Single.mp4,hard_negative,823734,video/eltaMax10_Reds_Brewers_0913.mp4,6,top,Single,Sal Stewart singles on a ground ball to center fielder Luis Lara. Elly De La Cruz to 3rd.,5330.900,predicted_video_seconds,5322.900,5342.900,20.000,False,,
sport_hightlight/dataset/full_game/positive/event_0041_6top_Home_Run.mp4,positive,823734,video/eltaMax10_Reds_Brewers_0913.mp4,6,top,Home Run,Eugenio Suárez homers (24) on a fly ball to right center field. Elly De La Cruz scores. Sal Stewart scores.,5401.500,predicted_video_seconds,5393.500,5413.500,20.000,True,Eugenio Suárez's three-run home run (24),https://mlb-cuts-diamond.mlb.com/FORGE/2026/2026-10/01/9bbfbd45-f2663301-3b3e45d6-csvm-diamondgcp-asset-4000K.mp4
sport_hightlight/dataset/full_game/hard_negative/event_0042_6top_Groundout.mp4,hard_negative,823734,video/eltaMax10_Reds_Brewers_0913.mp4,6,top,Groundout,"Tyler Stephenson grounds out, shortstop Cooper Pratt to first baseman Jake Bauers.",5512.400,predicted_video_seconds,5504.400,5524.400,20.000,False,,
sport_hightlight/dataset/full_game/hard_negative/event_0043_6top_Strikeout.mp4,hard_negative,823734,video/eltaMax10_Reds_Brewers_0913.mp4,6,top,Strikeout,JJ Bleday called out on strikes.,5746.600,predicted_video_seconds,5738.600,5758.600,20.000,False,,
sport_hightlight/dataset/full_game/hard_negative/event_0044_6top_Groundout.mp4,hard_negative,823734,video/eltaMax10_Reds_Brewers_0913.mp4,6,top,Groundout,"Juan Brito grounds out, third baseman Joey Ortiz to first baseman Jake Bauers.",5826.000,predicted_video_seconds,5818.000,5838.000,20.000,False,,
sport_hightlight/dataset/full_game/positive/event_0045_6bottom_Groundout.mp4,positive,823734,video/eltaMax10_Reds_Brewers_0913.mp4,6,bottom,Groundout,"Jackson Chourio grounds out, second baseman Juan Brito to first baseman Sal Stewart.",5992.600,predicted_video_seconds,5984.600,6004.600,20.000,True,Juan Brito's terrific pick,https://mlb-cuts-diamond.mlb.com/FORGE/2026/2026-09/13/689180f2-d73e1acf-9793a6ca-csvm-diamondgcp-asset_1280x720_59_4000K.mp4
sport_hightlight/dataset/full_game/hard_negative/event_0046_6bottom_Groundout.mp4,hard_negative,823734,video/eltaMax10_Reds_Brewers_0913.mp4,6,bottom,Groundout,"Brice Turang grounds out, second baseman Juan Brito to first baseman Sal Stewart.",6067.500,predicted_video_seconds,6059.500,6079.500,20.000,False,,
sport_hightlight/dataset/full_game/hard_negative/event_0047_6bottom_Flyout.mp4,hard_negative,823734,video/eltaMax10_Reds_Brewers_0913.mp4,6,bottom,Flyout,Gary Sánchez flies out to left fielder JJ Bleday.,6188.700,predicted_video_seconds,6180.700,6200.700,20.000,False,,
sport_hightlight/dataset/full_game/hard_negative/event_0048_7top_Groundout.mp4,hard_negative,823734,video/eltaMax10_Reds_Brewers_0913.mp4,7,top,Groundout,"Jose Trevino grounds out, second baseman Brice Turang to first baseman Jake Bauers.",6374.000,predicted_video_seconds,6366.000,6386.000,20.000,False,,
sport_hightlight/dataset/full_game/hard_negative/event_0049_7top_Groundout.mp4,hard_negative,823734,video/eltaMax10_Reds_Brewers_0913.mp4,7,top,Groundout,Héctor Rodríguez grounds out to first baseman Jake Bauers.,6403.700,predicted_video_seconds,6395.700,6415.700,20.000,False,,
sport_hightlight/dataset/full_game/hard_negative/event_0050_7top_Groundout.mp4,hard_negative,823734,video/eltaMax10_Reds_Brewers_0913.mp4,7,top,Groundout,"Dane Myers grounds out, shortstop Cooper Pratt to first baseman Jake Bauers.",6485.600,predicted_video_seconds,6477.600,6497.600,20.000,False,,
sport_hightlight/dataset/full_game/positive/event_0051_7bottom_Home_Run.mp4,positive,823734,video/eltaMax10_Reds_Brewers_0913.mp4,7,bottom,Home Run,Jake Bauers homers (26) on a line drive to right center field.,6713.600,predicted_video_seconds,6705.600,6725.600,20.000,True,Jake Bauers' solo home run (26),https://mlb-cuts-diamond.mlb.com/FORGE/2026/2026-09/13/4b340845-5feb6e82-d1f08073-csvm-diamondgcp-asset_1280x720_59_4000K.mp4
sport_hightlight/dataset/full_game/hard_negative/event_0052_7bottom_Single.mp4,hard_negative,823734,video/eltaMax10_Reds_Brewers_0913.mp4,7,bottom,Single,Christian Yelich singles on a ground ball to left fielder JJ Bleday.,6789.500,predicted_video_seconds,6781.500,6801.500,20.000,False,,
sport_hightlight/dataset/full_game/hard_negative/event_0053_7bottom_Grounded_Into_DP.mp4,hard_negative,823734,video/eltaMax10_Reds_Brewers_0913.mp4,7,bottom,Grounded Into DP,"Joey Ortiz grounds into a double play, third baseman Eugenio Suárez to second baseman Juan Brito to first baseman Sal Stewart. Christian Yelich out at 2nd. Joey Ortiz out at 1st.",6889.600,predicted_video_seconds,6881.600,6901.600,20.000,False,,
sport_hightlight/dataset/full_game/hard_negative/event_0054_7bottom_Pop_Out.mp4,hard_negative,823734,video/eltaMax10_Reds_Brewers_0913.mp4,7,bottom,Pop Out,Luis Lara pops out softly to first baseman Sal Stewart in foul territory.,6980.400,predicted_video_seconds,6972.400,6992.400,20.000,False,,
sport_hightlight/dataset/full_game/hard_negative/event_0055_8top_Single.mp4,hard_negative,823734,video/eltaMax10_Reds_Brewers_0913.mp4,8,top,Single,Elly De La Cruz singles on a ground ball to right fielder Sal Frelick.,7221.800,predicted_video_seconds,7213.800,7233.800,20.000,False,,
sport_hightlight/dataset/full_game/hard_negative/event_0056_8top_Single.mp4,hard_negative,823734,video/eltaMax10_Reds_Brewers_0913.mp4,8,top,Single,Sal Stewart singles on a ground ball to right fielder Sal Frelick. Elly De La Cruz to 3rd.,7319.100,predicted_video_seconds,7311.100,7331.100,20.000,False,,
sport_hightlight/dataset/full_game/hard_negative/event_0057_8top_Pop_Out.mp4,hard_negative,823734,video/eltaMax10_Reds_Brewers_0913.mp4,8,top,Pop Out,Eugenio Suárez pops out to catcher Gary Sánchez in foul territory.,7412.700,predicted_video_seconds,7404.700,7424.700,20.000,False,,
sport_hightlight/dataset/full_game/positive/event_0058_8top_Sac_Fly.mp4,positive,823734,video/eltaMax10_Reds_Brewers_0913.mp4,8,top,Sac Fly,Tyler Stephenson out on a sacrifice fly to right fielder Sal Frelick. Elly De La Cruz scores.,7508.000,predicted_video_seconds,7500.000,7520.000,20.000,True,Tyler Stephenson's sacrifice fly,https://mlb-cuts-diamond.mlb.com/FORGE/2026/2026-10/01/f81d5988-696b3e83-9f697bdb-csvm-diamondgcp-asset-4000K.mp4
sport_hightlight/dataset/full_game/positive/event_0059_8top_Strikeout.mp4,positive,823734,video/eltaMax10_Reds_Brewers_0913.mp4,8,top,Strikeout,JJ Bleday strikes out swinging.,7680.600,predicted_video_seconds,7672.600,7692.600,20.000,True,Strike 2 is confirmed after ABS challenge,https://mlb-cuts-diamond.mlb.com/FORGE/2026/2026-10/01/3e2bef93-85f40dfa-04795045-csvm-diamondgcp-asset-4000K.mp4
sport_hightlight/dataset/full_game/hard_negative/event_0060_8bottom_Single.mp4,hard_negative,823734,video/eltaMax10_Reds_Brewers_0913.mp4,8,bottom,Single,Cooper Pratt singles on a line drive to center fielder Dane Myers.,7851.200,predicted_video_seconds,7843.200,7863.200,20.000,False,,
sport_hightlight/dataset/full_game/hard_negative/event_0061_8bottom_Sac_Bunt.mp4,hard_negative,823734,video/eltaMax10_Reds_Brewers_0913.mp4,8,bottom,Sac Bunt,Sal Frelick hits a sacrifice bunt. Throwing error by pitcher Brock Burke. Cooper Pratt to 2nd. Sal Frelick to 1st.,7884.000,predicted_video_seconds,7876.000,7896.000,20.000,False,,
sport_hightlight/dataset/full_game/hard_negative/event_0062_8bottom_Double_Play.mp4,hard_negative,823734,video/eltaMax10_Reds_Brewers_0913.mp4,8,bottom,Double Play,"Jackson Chourio lines into a double play, pitcher Brock Burke to second baseman Juan Brito. Cooper Pratt out at 2nd.",7981.200,predicted_video_seconds,7973.200,7993.200,20.000,False,,
sport_hightlight/dataset/full_game/hard_negative/event_0063_8bottom_Caught_Stealing_2B.mp4,hard_negative,823734,video/eltaMax10_Reds_Brewers_0913.mp4,8,bottom,Caught Stealing 2B,"Sal Frelick caught stealing 2nd base, catcher Jose Trevino to shortstop Elly De La Cruz.",8054.200,predicted_video_seconds,8046.200,8066.200,20.000,False,,
sport_hightlight/dataset/full_game/hard_negative/event_0064_9top_Double.mp4,hard_negative,823734,video/eltaMax10_Reds_Brewers_0913.mp4,9,top,Double,"Juan Brito doubles (6) on a line drive to left fielder Jackson Chourio, deflected by center fielder Luis Lara.",8272.900,predicted_video_seconds,8264.900,8284.900,20.000,False,,
sport_hightlight/dataset/full_game/hard_negative/event_0065_9top_Fielders_Choice_Out.mp4,hard_negative,823734,video/eltaMax10_Reds_Brewers_0913.mp4,9,top,Fielders Choice Out,"Jose Trevino reaches on a fielder's choice out, first baseman Jake Bauers to third baseman Joey Ortiz. Juan Brito out at 3rd.",8321.700,predicted_video_seconds,8313.700,8333.700,20.000,False,,
sport_hightlight/dataset/full_game/hard_negative/event_0066_9top_Flyout.mp4,hard_negative,823734,video/eltaMax10_Reds_Brewers_0913.mp4,9,top,Flyout,Héctor Rodríguez flies out sharply to right fielder Sal Frelick.,8428.600,predicted_video_seconds,8420.600,8440.600,20.000,False,,
sport_hightlight/dataset/full_game/positive/event_0067_9top_Walk.mp4,positive,823734,video/eltaMax10_Reds_Brewers_0913.mp4,9,top,Walk,Dane Myers walks. Jose Trevino to 2nd.,8559.800,predicted_video_seconds,8551.800,8571.800,20.000,True,Ball 1 is confirmed after ABS challenge,https://mlb-cuts-diamond.mlb.com/FORGE/2026/2026-10/01/72f8e169-09120784-f1b2792a-csvm-diamondgcp-asset-4000K.mp4
sport_hightlight/dataset/full_game/positive/event_0068_9top_Strikeout.mp4,positive,823734,video/eltaMax10_Reds_Brewers_0913.mp4,9,top,Strikeout,Elly De La Cruz strikes out swinging.,8739.300,predicted_video_seconds,8731.300,8751.300,20.000,True,DL Hall K's Elly De La Cruz to strand two,https://mlb-cuts-diamond.mlb.com/FORGE/2026/2026-10/01/2e9d233d-19b3f329-c2dedcda-csvm-diamondgcp-asset-4000K.mp4
sport_hightlight/dataset/full_game/hard_negative/event_0069_9bottom_Single.mp4,hard_negative,823734,video/eltaMax10_Reds_Brewers_0913.mp4,9,bottom,Single,Brice Turang singles on a line drive to center fielder Dane Myers.,8962.900,predicted_video_seconds,8954.900,8974.900,20.000,False,,
sport_hightlight/dataset/full_game/hard_negative/event_0070_9bottom_Strikeout.mp4,hard_negative,823734,video/eltaMax10_Reds_Brewers_0913.mp4,9,bottom,Strikeout,Gary Sánchez called out on strikes.,9136.700,predicted_video_seconds,9128.700,9148.700,20.000,False,,
sport_hightlight/dataset/full_game/hard_negative/event_0071_9bottom_Forceout.mp4,hard_negative,823734,video/eltaMax10_Reds_Brewers_0913.mp4,9,bottom,Forceout,"Jake Bauers lines into a force out, shortstop Elly De La Cruz to second baseman Juan Brito. Brice Turang out at 2nd. Jake Bauers to 1st.",9260.600,predicted_video_seconds,9252.600,9272.600,20.000,False,,
sport_hightlight/dataset/full_game/positive/event_0072_9bottom_Flyout.mp4,positive,823734,video/eltaMax10_Reds_Brewers_0913.mp4,9,bottom,Flyout,Christian Yelich flies out to left fielder TJ Friedl in foul territory.,9332.300,predicted_video_seconds,9324.300,9344.300,20.000,True,TJ Friedl's impressive sliding catch seals the win,https://mlb-cuts-diamond.mlb.com/FORGE/2026/2026-09/13/99acce19-092777f2-7f6f3770-csvm-diamondgcp-asset_1280x720_59_4000K.mp4
